{
  "mae": 6.066408864390931,
  "rmse": 10.653266424146018,
  "mape": 24.510433621155386,
  "peak_threshold": 42.88333333333336,
  "peak_mae": 21.63654479158197
}