{
  "mae": 6.640455166471952,
  "rmse": 11.08543282876558,
  "mape": 26.962496941204122,
  "peak_threshold": 42.88333333333336,
  "peak_mae": 21.649232712448708
}