{
  "mae": 6.28124091180174,
  "rmse": 10.417715700126482,
  "mape": 26.537476467005973,
  "peak_threshold": 42.88333333333336,
  "peak_mae": 18.602248197421545
}