{
  "winner_model": "Seq2Seq LSTM + Attention",
  "source_bundle": "seq2seq_lstm_attention",
  "registry_root": "/content/model_registry",
  "ranking_row": {
    "model": "Seq2Seq LSTM + Attention",
    "val_mae": 7.514795685596807,
    "val_rmse": 9.742400669008646,
    "val_mape": 24.45029567508835,
    "val_peak_mae": 14.45170553132194,
    "test_mae": 5.708628156928766,
    "test_rmse": 9.909684705087033,
    "test_mape": 24.134460429985207,
    "test_peak_mae": 17.40885245337684
  }
}