{
  "mae": 5.708628156928766,
  "rmse": 9.909684705087033,
  "mape": 24.134460429985207,
  "peak_threshold": 42.88333333333336,
  "peak_mae": 17.40885245337684
}