{
  "mae": 6.747416629672291,
  "rmse": 11.486162204559434,
  "mape": 25.796138186140162,
  "peak_threshold": 42.88333333333336,
  "peak_mae": 23.66232405494592
}